{"cameraMode":{"drawMode":0,"name":"Shaded","section":"Shading Mode"},"sceneLighting":false,"audioPlay":false,"sceneViewState":{"m_AlwaysRefresh":false,"showFog":true,"showSkybox":false,"showFlares":true,"showImageEffects":true,"showParticleSystems":true,"showVisualEffectGraphs":true,"m_FxEnabled":true},"in2DMode":false,"pivot":{"x":1.069536805152893,"y":15.822324752807618,"z":-14.519735336303711},"rotation":{"x":-0.23938237130641938,"y":-0.025627750903367997,"z":0.0063363309018313889,"w":-0.9705945253372192},"size":6.671071529388428,"orthographic":false}